,0,1,2,3,4,5,6,7,8,9,10,11,12,13,14,15,16,17,18,19,20,21,22,23,24,25,26,27,28,29,30,31,32,33,34,35,36
ID_MR53LEX,2016-10-01,2016-11-01,2016-12-01,2017-01-01,2017-02-01,2017-03-01,2017-04-01,2017-05-01,2017-06-01,2017-07-01,2017-08-01,2017-09-01,2017-10-01,2017-11-01,2017-12-01,2018-01-01,2018-02-01,2018-03-01,2018-04-01,2018-05-01,2019-08-01,2019-09-01,2019-10-01,2019-11-01,2019-12-01,,,,,,,,,,,,
ID_3D7NQUH,2017-07-01,2017-08-01,2017-09-01,2017-10-01,2017-11-01,2017-12-01,2018-01-01,,,,,,,,,,,,,,,,,,,,,,,,,,,,,,
ID_0IWQNPI,2017-07-01,2017-08-01,2017-09-01,2017-10-01,2017-11-01,2017-12-01,2018-01-01,2018-02-01,,,,,,,,,,,,,,,,,,,,,,,,,,,,,
ID_IY8SYB9,2017-07-01,2017-08-01,2017-09-01,2017-10-01,2017-11-01,2017-12-01,2018-01-01,2018-02-01,,,,,,,,,,,,,,,,,,,,,,,,,,,,,
ID_9XHL7VZ,2017-07-01,2017-08-01,2017-09-01,2017-10-01,2017-11-01,2017-12-01,2018-01-01,2018-02-01,,,,,,,,,,,,,,,,,,,,,,,,,,,,,
ID_8XNJ47Q,2017-07-01,2017-08-01,2017-09-01,2017-10-01,2017-11-01,2017-12-01,2018-01-01,2018-02-01,,,,,,,,,,,,,,,,,,,,,,,,,,,,,
ID_KI932AD,2017-07-01,2017-08-01,2017-09-01,2017-10-01,2017-11-01,2017-12-01,2018-01-01,2018-02-01,2018-03-01,,,,,,,,,,,,,,,,,,,,,,,,,,,,
ID_3TMLZ41,2017-07-01,2017-08-01,2017-09-01,2017-10-01,2017-11-01,2017-12-01,2018-01-01,2018-02-01,2018-03-01,,,,,,,,,,,,,,,,,,,,,,,,,,,,
ID_GPL8VO8,2017-07-01,2017-08-01,2017-09-01,2017-10-01,2017-11-01,2017-12-01,2018-01-01,2018-02-01,2018-03-01,2018-04-01,2018-05-01,,,,,,,,,,,,,,,,,,,,,,,,,,
ID_KMK2R2J,2017-07-01,2017-08-01,2017-09-01,2017-10-01,2017-11-01,2017-12-01,2018-01-01,2018-02-01,2018-03-01,2018-04-01,2018-05-01,2018-06-01,2018-07-01,,,,,,,,,,,,,,,,,,,,,,,,
ID_4M7PANQ,2017-07-01,2017-08-01,2017-09-01,2017-10-01,2017-11-01,2017-12-01,2018-01-01,2018-02-01,2018-03-01,2018-04-01,2018-05-01,2018-06-01,2018-07-01,,,,,,,,,,,,,,,,,,,,,,,,
ID_G9GB08B,2017-07-01,2017-08-01,2017-09-01,2017-10-01,2017-11-01,2017-12-01,2018-01-01,2018-02-01,2018-03-01,2018-04-01,2018-05-01,2018-06-01,2018-07-01,2018-08-01,2018-09-01,,,,,,,,,,,,,,,,,,,,,,
ID_170OJ9I,2017-07-01,2017-08-01,2017-09-01,2017-10-01,2017-11-01,2017-12-01,2018-01-01,2018-02-01,2018-03-01,2018-04-01,2018-05-01,2018-06-01,2018-07-01,2018-08-01,2018-09-01,2018-10-01,2018-11-01,,,,,,,,,,,,,,,,,,,,
ID_ESCUJG5,2017-07-01,2017-08-01,2017-09-01,2017-10-01,2017-11-01,2017-12-01,2018-01-01,2018-02-01,2018-03-01,2018-04-01,2018-05-01,2018-06-01,2018-07-01,2018-08-01,2018-09-01,2018-10-01,2018-11-01,2018-12-01,2019-01-01,2019-02-01,,,,,,,,,,,,,,,,,
ID_ZS0Z58Z,2017-07-01,2017-08-01,2017-09-01,2017-10-01,2017-11-01,2017-12-01,2018-01-01,2018-02-01,2018-03-01,2018-04-01,2018-05-01,2018-06-01,2018-07-01,2018-08-01,2018-09-01,2018-10-01,2018-11-01,2018-12-01,2019-01-01,2019-02-01,2019-03-01,2019-04-01,,,,,,,,,,,,,,,
ID_I5NWQT0,2017-07-01,2017-08-01,2017-09-01,2017-10-01,2017-11-01,2017-12-01,2018-01-01,2018-02-01,2018-03-01,2018-04-01,2018-05-01,2018-06-01,2018-07-01,2018-08-01,2018-09-01,2018-10-01,2018-11-01,2018-12-01,2019-01-01,2019-02-01,2019-03-01,2019-04-01,2019-05-01,,,,,,,,,,,,,,
ID_JS4TBEA,2017-07-01,2017-08-01,2017-09-01,2017-10-01,2017-11-01,2017-12-01,2018-01-01,2018-02-01,2018-03-01,2018-04-01,2018-05-01,2018-06-01,2018-07-01,2018-08-01,2018-09-01,2018-10-01,2018-11-01,2018-12-01,2019-01-01,2019-02-01,2019-03-01,2019-04-01,2019-05-01,2019-06-01,2019-07-01,2019-08-01,,,,,,,,,,,
ID_7TG7CCV,2017-07-01,2017-08-01,2017-09-01,2017-10-01,2017-11-01,2017-12-01,2018-01-01,2018-02-01,2018-03-01,2018-04-01,2018-05-01,2018-06-01,2018-07-01,2018-08-01,2018-09-01,2018-10-01,2018-11-01,2018-12-01,2019-01-01,2019-02-01,2019-03-01,2019-04-01,2019-05-01,2019-06-01,2019-07-01,2019-08-01,2019-09-01,2019-10-01,2019-11-01,,,,,,,,
ID_W619QZ8,2017-07-01,2017-08-01,2017-09-01,2017-10-01,2017-11-01,2017-12-01,2018-01-01,2018-02-01,2018-03-01,2018-04-01,2018-05-01,2018-06-01,2018-07-01,2018-08-01,2018-09-01,2018-11-01,2018-12-01,2019-01-01,2019-02-01,2019-03-01,2019-04-01,2019-05-01,2019-06-01,2019-07-01,,,,,,,,,,,,,
ID_Y6HOUS7,2017-07-01,2017-08-01,2017-09-01,2017-10-01,2017-11-01,2017-12-01,2018-01-01,2018-02-01,2018-03-01,2018-06-01,,,,,,,,,,,,,,,,,,,,,,,,,,,
ID_J0KV5SE,2017-07-01,2017-08-01,2017-09-01,2017-10-01,2017-11-01,2017-12-01,2018-01-01,2018-02-01,2018-10-01,2018-11-01,2018-12-01,2019-02-01,,,,,,,,,,,,,,,,,,,,,,,,,
ID_5C32ZE9,2017-07-01,2017-08-01,2017-09-01,2017-10-01,2017-12-01,2018-01-01,2018-02-01,2018-03-01,2018-05-01,2018-09-01,2018-10-01,2018-11-01,2018-12-01,2019-01-01,2019-02-01,2019-03-01,2019-04-01,2019-05-01,2019-06-01,2019-07-01,,,,,,,,,,,,,,,,,
ID_G7M0BFZ,2017-07-01,2017-08-01,2017-09-01,2017-11-01,2017-12-01,2018-01-01,2018-02-01,2018-03-01,2018-04-01,2018-05-01,2018-06-01,,,,,,,,,,,,,,,,,,,,,,,,,,
ID_W8HNIVE,2017-07-01,2017-08-01,2017-09-01,2017-11-01,2017-12-01,2018-01-01,2018-02-01,2018-03-01,2018-04-01,2018-05-01,2018-06-01,2018-07-01,2018-09-01,2018-10-01,2018-11-01,2018-12-01,2019-01-01,2019-02-01,2019-03-01,2019-04-01,,,,,,,,,,,,,,,,,
ID_NAWHFCE,2017-07-01,2017-08-01,2017-10-01,2017-11-01,2018-05-01,2018-06-01,2018-07-01,2018-08-01,2018-09-01,2018-10-01,2018-11-01,2018-12-01,2019-01-01,2019-02-01,2019-04-01,2019-11-01,2019-12-01,2020-02-01,,,,,,,,,,,,,,,,,,,
ID_PFR2CJK,2017-07-01,2017-08-01,2017-11-01,2017-12-01,2018-01-01,2018-02-01,2018-03-01,2018-04-01,2018-05-01,2018-06-01,2018-07-01,2018-08-01,2018-09-01,2018-10-01,2018-11-01,2018-12-01,2019-01-01,2019-02-01,2019-03-01,2019-04-01,2019-05-01,2019-06-01,2019-07-01,2019-08-01,2019-09-01,2019-10-01,2019-11-01,2019-12-01,2020-01-01,2020-02-01,2020-03-01,2020-04-01,2020-05-01,2020-06-01,2020-07-01,2020-10-01,2020-11-01
ID_TKQKSML,2017-07-01,2017-08-01,2018-01-01,2018-04-01,2018-05-01,2018-07-01,2018-09-01,2018-11-01,2018-12-01,2019-01-01,2019-03-01,2019-04-01,,,,,,,,,,,,,,,,,,,,,,,,,
ID_GU7QNA1,2017-07-01,2017-09-01,2017-10-01,2017-11-01,2017-12-01,2018-01-01,2018-02-01,,,,,,,,,,,,,,,,,,,,,,,,,,,,,,
ID_CSH3810,2017-08-01,2017-09-01,2017-10-01,2017-11-01,2017-12-01,2018-01-01,2018-02-01,,,,,,,,,,,,,,,,,,,,,,,,,,,,,,
ID_2LJ3J0E,2017-08-01,2017-09-01,2017-10-01,2017-11-01,2017-12-01,2018-01-01,2018-02-01,2018-03-01,,,,,,,,,,,,,,,,,,,,,,,,,,,,,
ID_J7FUN3L,2017-08-01,2017-09-01,2017-10-01,2017-11-01,2017-12-01,2018-01-01,2018-02-01,2018-03-01,2018-04-01,2018-05-01,2018-06-01,2018-07-01,2018-08-01,,,,,,,,,,,,,,,,,,,,,,,,
ID_4HQ49JM,2017-08-01,2017-09-01,2017-10-01,2017-11-01,2017-12-01,2018-01-01,2018-02-01,2018-03-01,2018-04-01,2018-05-01,2018-06-01,2018-07-01,2018-08-01,2018-09-01,2018-10-01,,,,,,,,,,,,,,,,,,,,,,
ID_6DIDYAJ,2017-08-01,2017-09-01,2017-10-01,2017-11-01,2017-12-01,2018-01-01,2018-02-01,2018-03-01,2018-04-01,2018-05-01,2018-06-01,2018-07-01,2018-08-01,2018-09-01,2018-10-01,2018-11-01,2018-12-01,,,,,,,,,,,,,,,,,,,,
ID_L1W76DW,2017-08-01,2017-09-01,2017-10-01,2017-11-01,2017-12-01,2018-01-01,2018-02-01,2018-03-01,2018-04-01,2018-05-01,2018-06-01,2018-07-01,2018-08-01,2018-09-01,2018-10-01,2018-11-01,2018-12-01,2019-01-01,2019-02-01,2019-03-01,2019-04-01,2019-05-01,,,,,,,,,,,,,,,
ID_S9FXXG0,2017-08-01,2017-09-01,2017-10-01,2017-11-01,2017-12-01,2018-01-01,2018-02-01,2018-03-01,2018-04-01,2018-05-01,2018-06-01,2018-07-01,2018-08-01,2018-09-01,2018-10-01,2018-11-01,2018-12-01,2019-01-01,2019-02-01,2019-03-01,2019-04-01,2019-05-01,,,,,,,,,,,,,,,
ID_SPMJCFU,2017-08-01,2017-09-01,2017-10-01,2017-11-01,2017-12-01,2018-01-01,2018-02-01,2018-03-01,2018-04-01,2018-05-01,2018-06-01,2018-07-01,2018-08-01,2018-09-01,2018-10-01,2018-11-01,2018-12-01,2019-01-01,2019-02-01,2019-03-01,2019-04-01,2019-05-01,2019-06-01,2019-07-01,2019-08-01,2019-10-01,2019-11-01,2019-12-01,,,,,,,,,
ID_7LTNMXX,2017-08-01,2017-09-01,2017-10-01,2017-11-01,2017-12-01,2018-01-01,2018-02-01,2018-03-01,2018-04-01,2018-05-01,2018-06-01,2018-07-01,2018-08-01,2018-09-01,2018-10-01,2018-11-01,2018-12-01,2019-01-01,2019-02-01,2019-03-01,2019-04-01,2019-09-01,2019-10-01,2019-11-01,2019-12-01,2020-02-01,2020-07-01,,,,,,,,,,
ID_HL197CS,2017-08-01,2017-09-01,2017-10-01,2017-11-01,2017-12-01,2018-01-01,2018-02-01,2018-03-01,2018-04-01,2018-05-01,2018-06-01,2018-07-01,2018-08-01,2018-09-01,2018-10-01,2018-11-01,2019-02-01,2019-03-01,,,,,,,,,,,,,,,,,,,
ID_3EWVOCZ,2017-08-01,2017-09-01,2017-10-01,2017-11-01,2017-12-01,2018-01-01,2018-03-01,2018-04-01,,,,,,,,,,,,,,,,,,,,,,,,,,,,,
ID_U0G8S1J,2017-08-01,2017-09-01,2017-10-01,2017-11-01,2017-12-01,2018-01-01,2018-03-01,2018-04-01,2018-06-01,2018-07-01,2018-08-01,2018-09-01,2018-10-01,2018-11-01,2018-12-01,2019-02-01,2019-03-01,2019-04-01,2019-05-01,2019-06-01,2019-07-01,2019-08-01,2019-09-01,2019-10-01,2019-11-01,2019-12-01,2020-01-01,2020-02-01,2020-03-01,2020-04-01,2020-05-01,2020-06-01,2020-07-01,2020-08-01,,,
ID_VSWE322,2017-08-01,2017-09-01,2017-10-01,2017-11-01,2017-12-01,2018-02-01,,,,,,,,,,,,,,,,,,,,,,,,,,,,,,,
ID_LBUNZQQ,2017-08-01,2017-09-01,2017-10-01,2017-11-01,2017-12-01,2018-02-01,2018-03-01,2018-06-01,2018-07-01,2018-11-01,2019-01-01,2019-02-01,2019-04-01,2019-07-01,2019-08-01,2019-09-01,2019-10-01,2019-11-01,2019-12-01,2020-01-01,2020-03-01,,,,,,,,,,,,,,,,
ID_6ZOAAYW,2017-08-01,2018-01-01,2018-02-01,2018-03-01,2018-04-01,2018-05-01,2018-07-01,2018-08-01,2018-09-01,2018-10-01,2018-11-01,2018-12-01,2019-01-01,2019-02-01,2019-03-01,2019-04-01,2019-05-01,2019-06-01,2019-07-01,2019-08-01,2019-09-01,2019-10-01,2019-11-01,2019-12-01,2020-01-01,2020-02-01,2020-03-01,2020-04-01,2020-05-01,2020-06-01,2020-07-01,2020-08-01,2020-09-01,2020-10-01,2020-11-01,,
ID_RP7RYOF,2017-08-01,2018-02-01,2018-04-01,2018-05-01,2018-06-01,2018-07-01,2018-08-01,2018-09-01,2018-10-01,2018-11-01,,,,,,,,,,,,,,,,,,,,,,,,,,,
ID_HFFEV3P,2017-09-01,2017-10-01,2017-11-01,2017-12-01,2018-01-01,2018-02-01,,,,,,,,,,,,,,,,,,,,,,,,,,,,,,,
ID_VE97FNV,2017-09-01,2017-10-01,2017-11-01,2017-12-01,2018-01-01,2018-02-01,2018-03-01,,,,,,,,,,,,,,,,,,,,,,,,,,,,,,
ID_XKV1Z53,2017-09-01,2017-10-01,2017-11-01,2017-12-01,2018-01-01,2018-02-01,2018-03-01,2018-04-01,,,,,,,,,,,,,,,,,,,,,,,,,,,,,
ID_BHX3XKL,2017-09-01,2017-10-01,2017-11-01,2017-12-01,2018-01-01,2018-02-01,2018-03-01,2018-04-01,2018-05-01,2018-06-01,,,,,,,,,,,,,,,,,,,,,,,,,,,
ID_PGPOUSX,2017-09-01,2017-10-01,2017-11-01,2017-12-01,2018-01-01,2018-02-01,2018-03-01,2018-04-01,2018-05-01,2018-06-01,2018-07-01,,,,,,,,,,,,,,,,,,,,,,,,,,
ID_XN3FD21,2017-09-01,2017-10-01,2017-11-01,2017-12-01,2018-01-01,2018-02-01,2018-03-01,2018-04-01,2018-05-01,2018-06-01,2018-07-01,2018-08-01,2018-09-01,2018-10-01,2018-11-01,2018-12-01,2019-01-01,,,,,,,,,,,,,,,,,,,,
ID_QV3UJG7,2017-09-01,2017-10-01,2017-11-01,2017-12-01,2018-01-01,2018-02-01,2018-03-01,2018-04-01,2018-05-01,2018-06-01,2018-07-01,2018-08-01,2018-09-01,2018-10-01,2018-11-01,2018-12-01,2019-01-01,2019-03-01,2019-05-01,2019-06-01,2019-07-01,2019-08-01,2019-09-01,2019-10-01,2019-11-01,,,,,,,,,,,,
ID_139DZQ6,2017-09-01,2017-10-01,2017-11-01,2017-12-01,2018-01-01,2018-02-01,2018-03-01,2018-04-01,2018-05-01,2018-06-01,2018-07-01,2018-08-01,2018-10-01,2018-11-01,2018-12-01,2019-02-01,2019-03-01,2019-07-01,2019-08-01,2019-09-01,2019-10-01,2019-11-01,,,,,,,,,,,,,,,
ID_2056IXO,2017-09-01,2017-10-01,2017-11-01,2017-12-01,2018-01-01,2018-03-01,2018-04-01,2018-06-01,2018-07-01,2018-08-01,2018-09-01,2018-10-01,2018-11-01,2018-12-01,2019-01-01,2019-02-01,2019-03-01,2019-04-01,2019-12-01,2020-01-01,2020-02-01,2020-03-01,2020-04-01,2020-05-01,2020-07-01,2020-08-01,2020-09-01,2020-10-01,2020-11-01,,,,,,,,
ID_OL6IY62,2017-09-01,2017-10-01,2017-11-01,2017-12-01,2018-02-01,2018-03-01,2018-05-01,2018-06-01,2018-07-01,2018-08-01,2018-09-01,2018-10-01,2018-11-01,2018-12-01,2019-01-01,2019-02-01,2019-03-01,2019-04-01,2019-05-01,2019-06-01,2019-07-01,2019-08-01,2019-09-01,2019-10-01,,,,,,,,,,,,,
ID_NXJ6X8G,2017-09-01,2017-10-01,2018-02-01,2018-04-01,2018-05-01,2018-06-01,2018-07-01,2018-11-01,,,,,,,,,,,,,,,,,,,,,,,,,,,,,
ID_NDCZ9MC,2017-10-01,2017-11-01,2017-12-01,2018-01-01,2018-02-01,2018-03-01,2018-04-01,2018-05-01,2018-06-01,2018-07-01,2018-08-01,2018-09-01,2018-10-01,2018-11-01,2018-12-01,2019-01-01,2019-02-01,2019-03-01,2019-04-01,,,,,,,,,,,,,,,,,,
ID_XWPP078,2017-10-01,2017-11-01,2017-12-01,2018-01-01,2018-02-01,2018-03-01,2018-04-01,2018-05-01,2018-06-01,2018-07-01,2018-08-01,2018-09-01,2018-10-01,2018-11-01,2018-12-01,2019-01-01,2019-02-01,2019-03-01,2019-04-01,,,,,,,,,,,,,,,,,,
ID_CE4OJ04,2017-10-01,2017-11-01,2017-12-01,2018-01-01,2018-02-01,2018-03-01,2018-04-01,2018-05-01,2018-06-01,2018-07-01,2018-08-01,2018-09-01,2018-10-01,2018-12-01,2019-01-01,2019-02-01,2019-03-01,2019-04-01,2019-05-01,2019-06-01,2019-07-01,2019-08-01,2019-09-01,2019-10-01,2019-11-01,2019-12-01,2020-01-01,2020-02-01,2020-03-01,2020-04-01,2020-05-01,2020-06-01,,,,,
ID_CFPLMRD,2017-10-01,2017-11-01,2017-12-01,2018-01-01,2018-02-01,2018-03-01,2018-04-01,2018-05-01,2018-06-01,2018-08-01,2018-09-01,2018-10-01,2018-11-01,2018-12-01,2019-01-01,2019-02-01,2019-03-01,2019-05-01,2019-06-01,2019-07-01,2019-08-01,2019-09-01,2019-10-01,2019-11-01,2019-12-01,2020-01-01,2020-02-01,2020-03-01,2020-04-01,2020-05-01,2020-06-01,2020-07-01,2020-08-01,2020-09-01,2020-10-01,2020-11-01,
ID_M1NSKMZ,2017-10-01,2017-11-01,2018-01-01,2018-02-01,2018-03-01,2018-04-01,2018-05-01,2018-06-01,2018-07-01,2018-08-01,2018-09-01,2018-10-01,2018-11-01,2018-12-01,,,,,,,,,,,,,,,,,,,,,,,
ID_P3PQRNI,2017-11-01,2017-12-01,2018-01-01,2018-02-01,2018-03-01,2018-04-01,,,,,,,,,,,,,,,,,,,,,,,,,,,,,,,
ID_FBFQG4Q,2017-11-01,2017-12-01,2018-01-01,2018-02-01,2018-03-01,2018-04-01,2018-05-01,2018-06-01,2018-07-01,2018-08-01,2018-09-01,2018-10-01,2018-11-01,2018-12-01,2019-01-01,2019-02-01,2019-03-01,2019-04-01,2019-05-01,2019-06-01,2019-07-01,2019-08-01,2019-09-01,2019-10-01,2019-11-01,2019-12-01,2020-01-01,2020-02-01,,,,,,,,,
ID_IOYDEOU,2017-11-01,2017-12-01,2018-01-01,2018-02-01,2018-03-01,2018-04-01,2018-05-01,2018-06-01,2018-07-01,2018-08-01,2018-09-01,2018-10-01,2018-12-01,2019-01-01,2019-02-01,2019-03-01,2019-04-01,2019-05-01,2019-06-01,2019-07-01,2019-08-01,2019-09-01,2019-10-01,2019-11-01,2019-12-01,2020-01-01,2020-02-01,2020-03-01,2020-04-01,2020-05-01,2020-06-01,2020-07-01,2020-08-01,2020-09-01,2020-10-01,2020-11-01,
ID_439JYT4,2017-12-01,2018-01-01,2018-02-01,2018-03-01,2018-04-01,2018-05-01,2018-06-01,2018-07-01,,,,,,,,,,,,,,,,,,,,,,,,,,,,,
ID_2C5QKXY,2017-12-01,2018-01-01,2018-02-01,2018-03-01,2018-04-01,2018-05-01,2018-06-01,2018-07-01,2018-08-01,2018-09-01,2018-10-01,2018-11-01,,,,,,,,,,,,,,,,,,,,,,,,,
ID_PZC1UVR,2017-12-01,2018-01-01,2018-02-01,2018-03-01,2018-04-01,2018-05-01,2018-06-01,2018-07-01,2018-08-01,2018-09-01,2018-10-01,2018-11-01,2018-12-01,2019-01-01,2019-02-01,2019-03-01,2019-04-01,2019-05-01,2019-06-01,2019-07-01,2019-08-01,2019-09-01,2019-10-01,,,,,,,,,,,,,,
ID_N4EBBJS,2017-12-01,2018-01-01,2018-02-01,2018-04-01,2018-05-01,2018-06-01,2018-07-01,2018-08-01,2018-09-01,2018-10-01,2018-11-01,2018-12-01,2019-01-01,2019-02-01,2020-05-01,,,,,,,,,,,,,,,,,,,,,,
ID_4EQLAF3,2017-12-01,2018-01-01,2018-03-01,2018-04-01,2018-06-01,2018-08-01,2018-10-01,2018-11-01,2019-01-01,2019-02-01,2019-07-01,2019-08-01,,,,,,,,,,,,,,,,,,,,,,,,,
ID_UPHY8M7,2018-01-01,2018-02-01,2018-03-01,2018-04-01,2018-05-01,2018-06-01,2018-07-01,2018-08-01,,,,,,,,,,,,,,,,,,,,,,,,,,,,,
ID_F6L65DP,2018-01-01,2018-02-01,2018-03-01,2018-04-01,2018-05-01,2018-06-01,2018-07-01,2018-08-01,2018-09-01,2018-10-01,2018-11-01,2018-12-01,2019-01-01,2019-02-01,2019-03-01,2019-04-01,2019-05-01,2019-06-01,,,,,,,,,,,,,,,,,,,
ID_MT6PEDM,2018-01-01,2018-02-01,2018-03-01,2018-04-01,2018-05-01,2018-06-01,2018-07-01,2018-08-01,2018-09-01,2018-10-01,2018-11-01,2018-12-01,2019-01-01,2019-02-01,2019-03-01,2019-04-01,2019-05-01,2019-06-01,2019-07-01,,,,,,,,,,,,,,,,,,
ID_M4ODATD,2018-01-01,2018-02-01,2018-03-01,2018-04-01,2018-05-01,2018-06-01,2018-07-01,2018-08-01,2018-09-01,2018-10-01,2018-11-01,2018-12-01,2019-01-01,2019-02-01,2019-03-01,2019-04-01,2019-05-01,2019-06-01,2019-07-01,,,,,,,,,,,,,,,,,,
ID_744U336,2018-01-01,2018-02-01,2018-03-01,2018-04-01,2018-05-01,2018-06-01,2018-07-01,2018-08-01,2018-09-01,2018-10-01,2018-11-01,2018-12-01,2019-01-01,2019-02-01,2019-03-01,2019-04-01,2019-05-01,2019-06-01,2019-07-01,2019-08-01,2019-09-01,2019-10-01,2019-11-01,2019-12-01,2020-01-01,2020-02-01,2020-03-01,2020-04-01,2020-05-01,2020-06-01,2020-07-01,2020-08-01,2020-09-01,2020-10-01,2020-11-01,,
ID_9XGRX3R,2018-01-01,2018-02-01,2018-03-01,2018-04-01,2018-05-01,2018-06-01,2018-07-01,2018-08-01,2018-09-01,2018-10-01,2018-11-01,2018-12-01,2019-01-01,2019-02-01,2019-03-01,2019-04-01,2019-05-01,2019-06-01,2019-07-01,2019-08-01,2019-09-01,2019-10-01,2019-11-01,2019-12-01,2020-01-01,2020-02-01,2020-03-01,2020-04-01,2020-05-01,2020-06-01,2020-07-01,2020-08-01,2020-09-01,2020-10-01,2020-11-01,,
ID_E9PN7BO,2018-01-01,2018-02-01,2018-03-01,2018-04-01,2018-05-01,2018-06-01,2018-08-01,,,,,,,,,,,,,,,,,,,,,,,,,,,,,,
ID_ZTEAC68,2018-01-01,2018-10-01,2018-11-01,2019-01-01,2019-03-01,2019-04-01,2019-05-01,2019-06-01,2019-07-01,2019-08-01,,,,,,,,,,,,,,,,,,,,,,,,,,,
ID_YS15N9F,2018-02-01,2018-03-01,2018-04-01,2018-05-01,2018-06-01,2018-07-01,,,,,,,,,,,,,,,,,,,,,,,,,,,,,,,
ID_ZUOIG9Q,2018-02-01,2018-03-01,2018-04-01,2018-05-01,2018-06-01,2018-07-01,2018-08-01,,,,,,,,,,,,,,,,,,,,,,,,,,,,,,
ID_GXT01CY,2018-02-01,2018-03-01,2018-04-01,2018-05-01,2018-06-01,2018-07-01,2018-08-01,2018-09-01,,,,,,,,,,,,,,,,,,,,,,,,,,,,,
ID_FRRU3K4,2018-02-01,2018-03-01,2018-04-01,2018-05-01,2018-06-01,2018-07-01,2018-08-01,2018-09-01,2018-10-01,2018-11-01,2018-12-01,2019-01-01,,,,,,,,,,,,,,,,,,,,,,,,,
ID_ASWL5OZ,2018-02-01,2018-03-01,2018-04-01,2018-05-01,2018-06-01,2018-07-01,2018-08-01,2018-09-01,2018-10-01,2018-11-01,2018-12-01,2019-01-01,2019-02-01,,,,,,,,,,,,,,,,,,,,,,,,
ID_B60XSBP,2018-02-01,2018-03-01,2018-04-01,2018-05-01,2018-06-01,2018-07-01,2018-08-01,2018-09-01,2018-10-01,2018-11-01,2018-12-01,2019-01-01,2019-02-01,,,,,,,,,,,,,,,,,,,,,,,,
ID_XT670LP,2018-02-01,2018-03-01,2018-04-01,2018-05-01,2018-06-01,2018-07-01,2018-08-01,2018-09-01,2018-10-01,2018-11-01,2018-12-01,2019-01-01,2019-02-01,,,,,,,,,,,,,,,,,,,,,,,,
ID_GR8UBV7,2018-02-01,2018-03-01,2018-04-01,2018-05-01,2018-06-01,2018-07-01,2018-08-01,2018-09-01,2018-10-01,2018-11-01,2018-12-01,2019-01-01,2019-02-01,2019-03-01,,,,,,,,,,,,,,,,,,,,,,,
ID_DQBIOSP,2018-02-01,2018-03-01,2018-04-01,2018-05-01,2018-06-01,2018-07-01,2018-08-01,2018-09-01,2018-10-01,2018-11-01,2018-12-01,2019-01-01,2019-02-01,2019-03-01,,,,,,,,,,,,,,,,,,,,,,,
ID_S9V5507,2018-02-01,2018-03-01,2018-04-01,2018-05-01,2018-06-01,2018-07-01,2018-08-01,2018-09-01,2018-10-01,2018-11-01,2018-12-01,2019-01-01,2019-02-01,2019-03-01,,,,,,,,,,,,,,,,,,,,,,,
ID_M7E8WMJ,2018-02-01,2018-03-01,2018-04-01,2018-05-01,2018-06-01,2018-07-01,2018-08-01,2018-09-01,2018-10-01,2018-11-01,2018-12-01,2019-01-01,2019-02-01,2019-03-01,2019-04-01,,,,,,,,,,,,,,,,,,,,,,
ID_RZAU46D,2018-02-01,2018-03-01,2018-04-01,2018-05-01,2018-06-01,2018-07-01,2018-08-01,2018-09-01,2018-10-01,2018-11-01,2018-12-01,2019-01-01,2019-02-01,2019-03-01,2019-04-01,,,,,,,,,,,,,,,,,,,,,,
ID_50TAHPU,2018-02-01,2018-03-01,2018-04-01,2018-05-01,2018-06-01,2018-07-01,2018-08-01,2018-09-01,2018-10-01,2018-11-01,2018-12-01,2019-01-01,2019-02-01,2019-03-01,2019-04-01,2019-05-01,2019-06-01,,,,,,,,,,,,,,,,,,,,
ID_YAN626Z,2018-02-01,2018-03-01,2018-04-01,2018-05-01,2018-06-01,2018-07-01,2018-08-01,2018-09-01,2018-10-01,2018-11-01,2018-12-01,2019-01-01,2019-02-01,2019-03-01,2019-04-01,2019-05-01,2019-06-01,2019-07-01,,,,,,,,,,,,,,,,,,,
ID_ROTSYQR,2018-02-01,2018-03-01,2018-04-01,2018-05-01,2018-06-01,2018-07-01,2018-08-01,2018-09-01,2018-10-01,2018-11-01,2018-12-01,2019-01-01,2019-02-01,2019-03-01,2019-04-01,2019-05-01,2019-06-01,2019-07-01,2019-08-01,,,,,,,,,,,,,,,,,,
ID_NXMEZZY,2018-02-01,2018-03-01,2018-04-01,2018-05-01,2018-06-01,2018-07-01,2018-08-01,2018-09-01,2018-10-01,2018-11-01,2018-12-01,2019-01-01,2019-02-01,2019-03-01,2019-04-01,2019-05-01,2019-06-01,2019-07-01,2019-08-01,2019-09-01,2019-10-01,2019-11-01,2019-12-01,2020-01-01,2020-02-01,2020-03-01,2020-04-01,2020-05-01,2020-06-01,2020-07-01,,,,,,,
ID_3HCDJVO,2018-02-01,2018-03-01,2018-04-01,2018-05-01,2018-06-01,2018-07-01,2018-08-01,2018-09-01,2018-10-01,2018-11-01,2018-12-01,2019-01-01,2019-02-01,2019-03-01,2019-04-01,2019-05-01,2019-06-01,2019-07-01,2019-08-01,2019-09-01,2019-10-01,2019-11-01,2019-12-01,2020-01-01,2020-02-01,2020-03-01,2020-04-01,2020-05-01,2020-06-01,2020-07-01,,,,,,,
ID_HKD9ZTJ,2018-02-01,2018-03-01,2018-04-01,2018-05-01,2018-06-01,2018-07-01,2018-08-01,2018-09-01,2018-10-01,2018-11-01,2018-12-01,2019-01-01,2019-02-01,2019-03-01,2019-04-01,2019-05-01,2019-06-01,2019-07-01,2019-08-01,2019-09-01,2019-10-01,2019-11-01,2019-12-01,2020-01-01,2020-02-01,2020-03-01,2020-04-01,2020-05-01,2020-06-01,2020-07-01,2020-08-01,2020-09-01,2020-10-01,2020-11-01,,,
ID_4IV9OO5,2018-02-01,2018-03-01,2018-04-01,2018-05-01,2018-06-01,2018-07-01,2018-08-01,2018-09-01,2018-10-01,2018-11-01,2018-12-01,2019-01-01,2019-02-01,2019-03-01,2019-04-01,2019-05-01,2019-06-01,2019-07-01,2019-08-01,2019-09-01,2019-10-01,2019-11-01,2019-12-01,2020-01-01,2020-02-01,2020-03-01,2020-04-01,2020-05-01,2020-06-01,2020-07-01,2020-08-01,2020-09-01,2020-10-01,2020-11-01,,,
ID_P8A6H1W,2018-02-01,2018-03-01,2018-04-01,2018-05-01,2018-06-01,2018-07-01,2018-08-01,2018-09-01,2018-10-01,2018-11-01,2018-12-01,2019-01-01,2019-02-01,2019-03-01,2019-04-01,2019-05-01,2019-06-01,2019-07-01,2019-08-01,2019-09-01,2019-10-01,2019-11-01,2019-12-01,2020-01-01,2020-02-01,2020-03-01,2020-04-01,2020-05-01,2020-06-01,2020-07-01,2020-08-01,2020-09-01,2020-10-01,2020-11-01,,,
ID_A07856C,2018-02-01,2018-03-01,2018-04-01,2018-05-01,2018-06-01,2018-07-01,2018-08-01,2018-09-01,2018-10-01,2018-11-01,2018-12-01,2019-01-01,2019-02-01,2019-03-01,2019-04-01,2019-05-01,2019-06-01,2019-07-01,2019-08-01,2019-09-01,2019-10-01,2019-11-01,2019-12-01,2020-01-01,2020-02-01,2020-03-01,2020-04-01,2020-05-01,2020-06-01,2020-07-01,2020-08-01,2020-09-01,2020-10-01,2020-11-01,,,
ID_B9V4DOH,2018-02-01,2018-03-01,2018-04-01,2018-05-01,2018-06-01,2018-07-01,2018-08-01,2018-09-01,2018-10-01,2018-11-01,2018-12-01,2019-01-01,2019-02-01,2019-03-01,2019-04-01,2019-05-01,2019-06-01,2019-07-01,2019-08-01,2019-09-01,2019-10-01,2019-11-01,2019-12-01,2020-01-01,2020-02-01,2020-03-01,2020-07-01,,,,,,,,,,
ID_PZDGECV,2018-02-01,2018-03-01,2018-04-01,2018-05-01,2018-06-01,2018-07-01,2018-08-01,2018-09-01,2018-10-01,2018-11-01,2018-12-01,2019-01-01,2019-02-01,2019-03-01,2019-04-01,2019-05-01,2019-06-01,2019-07-01,2019-08-01,2019-09-01,2019-10-01,2019-11-01,2019-12-01,2020-01-01,2020-03-01,2020-05-01,2020-06-01,2020-07-01,2020-08-01,2020-09-01,2020-10-01,2020-11-01,,,,,
ID_884ZWFX,2018-02-01,2018-03-01,2018-04-01,2018-05-01,2018-06-01,2018-07-01,2018-08-01,2018-09-01,2018-10-01,2018-11-01,2018-12-01,2019-01-01,2019-02-01,2019-03-01,2019-04-01,2019-05-01,2019-06-01,2019-07-01,2019-08-01,2019-09-01,2019-10-01,2019-11-01,2019-12-01,2020-02-01,2020-03-01,2020-04-01,2020-05-01,,,,,,,,,,
ID_P8WCL7I,2018-02-01,2018-03-01,2018-04-01,2018-05-01,2018-06-01,2018-07-01,2018-08-01,2018-09-01,2018-10-01,2018-11-01,2018-12-01,2019-01-01,2019-02-01,2019-03-01,2019-04-01,2019-05-01,2019-06-01,2019-07-01,2019-09-01,2019-10-01,2019-11-01,2019-12-01,2020-01-01,2020-03-01,2020-06-01,2020-07-01,2020-09-01,,,,,,,,,,
ID_ISNVBOQ,2018-02-01,2018-03-01,2018-04-01,2018-05-01,2018-06-01,2018-07-01,2018-08-01,2018-10-01,2018-11-01,2018-12-01,2019-01-01,2019-02-01,2019-03-01,,,,,,,,,,,,,,,,,,,,,,,,
ID_5I61QQH,2018-02-01,2018-08-01,2018-10-01,2018-11-01,2018-12-01,2019-01-01,2019-02-01,2019-03-01,,,,,,,,,,,,,,,,,,,,,,,,,,,,,
ID_LP3UPCM,2018-03-01,2018-04-01,2018-05-01,2018-06-01,2018-07-01,,,,,,,,,,,,,,,,,,,,,,,,,,,,,,,,
ID_OWBWVLI,2018-03-01,2018-04-01,2018-05-01,2018-06-01,2018-07-01,2018-08-01,2018-09-01,2018-10-01,2018-11-01,2018-12-01,2019-01-01,2019-02-01,2019-03-01,,,,,,,,,,,,,,,,,,,,,,,,
ID_O0BDU0H,2018-03-01,2018-04-01,2018-05-01,2018-06-01,2018-07-01,2018-08-01,2018-09-01,2018-10-01,2018-11-01,2018-12-01,2019-01-01,2019-02-01,2019-03-01,2019-04-01,2019-05-01,,,,,,,,,,,,,,,,,,,,,,
ID_5CB50DI,2018-03-01,2018-04-01,2018-05-01,2018-06-01,2018-07-01,2018-08-01,2018-09-01,2018-10-01,2018-11-01,2018-12-01,2019-01-01,2019-02-01,2019-03-01,2019-04-01,2019-05-01,,,,,,,,,,,,,,,,,,,,,,
ID_NDVY2O5,2018-03-01,2018-04-01,2018-05-01,2018-06-01,2018-07-01,2018-08-01,2018-09-01,2018-10-01,2018-11-01,2018-12-01,2019-01-01,2019-02-01,2019-03-01,2019-04-01,2019-05-01,2019-06-01,2019-07-01,2019-08-01,,,,,,,,,,,,,,,,,,,
ID_JIT4WZE,2018-03-01,2018-04-01,2018-05-01,2018-06-01,2018-07-01,2018-08-01,2018-09-01,2018-10-01,2018-11-01,2018-12-01,2019-01-01,2019-02-01,2019-03-01,2019-04-01,2019-05-01,2019-06-01,2019-07-01,2019-08-01,,,,,,,,,,,,,,,,,,,
ID_A75YXKF,2018-03-01,2018-04-01,2018-05-01,2018-06-01,2018-07-01,2018-08-01,2018-09-01,2018-10-01,2018-11-01,2018-12-01,2019-01-01,2019-02-01,2019-03-01,2019-04-01,2019-05-01,2019-06-01,2019-07-01,2019-08-01,2019-09-01,,,,,,,,,,,,,,,,,,
ID_Q8O90LR,2018-03-01,2018-04-01,2018-05-01,2018-06-01,2018-07-01,2018-08-01,2018-09-01,2018-10-01,2018-11-01,2018-12-01,2019-01-01,2019-02-01,2019-03-01,2019-04-01,2019-05-01,2019-06-01,2019-07-01,2019-08-01,2019-09-01,2019-10-01,,,,,,,,,,,,,,,,,
ID_M68RX9P,2018-03-01,2018-04-01,2018-05-01,2018-06-01,2018-07-01,2018-08-01,2018-09-01,2018-10-01,2018-11-01,2018-12-01,2019-01-01,2019-02-01,2019-03-01,2019-04-01,2019-05-01,2019-06-01,2019-07-01,2019-08-01,2019-09-01,2019-10-01,,,,,,,,,,,,,,,,,
ID_8K45ETG,2018-03-01,2018-04-01,2018-05-01,2018-06-01,2018-07-01,2018-08-01,2018-09-01,2018-10-01,2018-11-01,2018-12-01,2019-01-01,2019-02-01,2019-03-01,2019-04-01,2019-05-01,2019-06-01,2019-07-01,2019-08-01,2019-09-01,2019-10-01,2019-11-01,2019-12-01,2020-01-01,2020-02-01,2020-03-01,2020-04-01,2020-05-01,,,,,,,,,,
ID_0XX1NH7,2018-03-01,2018-04-01,2018-05-01,2018-06-01,2018-07-01,2018-08-01,2018-09-01,2018-10-01,2018-11-01,2018-12-01,2019-01-01,2019-02-01,2019-03-01,2019-04-01,2019-05-01,2019-06-01,2019-07-01,2019-08-01,2019-09-01,2019-10-01,2019-11-01,2019-12-01,2020-01-01,2020-02-01,2020-03-01,2020-04-01,2020-05-01,2020-06-01,2020-07-01,,,,,,,,
ID_DDZ3X7H,2018-03-01,2018-04-01,2018-05-01,2018-06-01,2018-07-01,2018-08-01,2018-09-01,2018-10-01,2018-11-01,2018-12-01,2019-01-01,2019-02-01,2019-03-01,2019-04-01,2019-05-01,2019-06-01,2019-07-01,2019-08-01,2019-09-01,2019-10-01,2019-11-01,2019-12-01,2020-01-01,2020-02-01,2020-03-01,2020-04-01,2020-05-01,2020-06-01,2020-07-01,2020-08-01,2020-09-01,2020-10-01,,,,,
ID_4VVYDPL,2018-03-01,2018-04-01,2018-05-01,2018-06-01,2018-07-01,2018-08-01,2018-09-01,2018-10-01,2018-11-01,2018-12-01,2019-01-01,2019-02-01,2019-03-01,2019-04-01,2019-05-01,2019-06-01,2019-07-01,2019-08-01,2019-09-01,2019-10-01,2019-11-01,2019-12-01,2020-01-01,2020-02-01,2020-03-01,2020-04-01,2020-05-01,2020-06-01,2020-07-01,2020-08-01,2020-09-01,2020-10-01,,,,,
ID_RJRJEQA,2018-03-01,2018-04-01,2018-05-01,2018-06-01,2018-07-01,2018-08-01,2018-09-01,2018-10-01,2018-11-01,2018-12-01,2019-01-01,2019-02-01,2019-03-01,2019-04-01,2019-05-01,2019-06-01,2019-07-01,2019-08-01,2019-09-01,2019-10-01,2019-11-01,2019-12-01,2020-01-01,2020-02-01,2020-03-01,2020-04-01,2020-05-01,2020-06-01,2020-07-01,2020-08-01,2020-09-01,2020-10-01,2020-11-01,,,,
ID_KDAAMGI,2018-03-01,2018-04-01,2018-05-01,2018-06-01,2018-07-01,2018-08-01,2018-09-01,2018-10-01,2018-11-01,2018-12-01,2019-01-01,2019-02-01,2019-03-01,2019-04-01,2019-05-01,2019-06-01,2019-07-01,2019-08-01,2019-09-01,2019-10-01,2019-11-01,2019-12-01,2020-01-01,2020-02-01,2020-03-01,2020-04-01,2020-05-01,2020-06-01,2020-07-01,2020-08-01,2020-09-01,2020-10-01,2020-11-01,,,,
ID_SX80OFH,2018-03-01,2018-04-01,2018-05-01,2018-06-01,2018-07-01,2018-08-01,2018-09-01,2018-10-01,2018-11-01,2018-12-01,2019-01-01,2019-02-01,2019-03-01,2019-04-01,2019-05-01,2019-06-01,2019-07-01,2019-08-01,2019-09-01,2019-10-01,2019-11-01,2019-12-01,2020-01-01,2020-02-01,2020-03-01,2020-04-01,2020-05-01,2020-06-01,2020-07-01,2020-08-01,2020-10-01,2020-11-01,,,,,
ID_7CMB3FF,2018-03-01,2018-04-01,2018-05-01,2018-06-01,2018-07-01,2018-08-01,2018-09-01,2018-10-01,2018-11-01,2018-12-01,2019-01-01,2019-02-01,2019-03-01,2019-04-01,2019-05-01,2019-06-01,2019-07-01,2019-08-01,2019-09-01,2019-10-01,2019-11-01,2019-12-01,2020-01-01,2020-02-01,2020-03-01,2020-04-01,2020-05-01,2020-06-01,2020-07-01,2020-10-01,2020-11-01,,,,,,
ID_Q0QRSK2,2018-03-01,2018-04-01,2018-05-01,2018-06-01,2018-07-01,2018-08-01,2018-09-01,2018-10-01,2018-11-01,2018-12-01,2019-01-01,2019-02-01,2019-03-01,2019-04-01,2019-05-01,2019-06-01,2019-07-01,2019-08-01,2019-09-01,2019-10-01,2019-11-01,2019-12-01,2020-05-01,2020-06-01,2020-07-01,2020-08-01,2020-09-01,2020-10-01,2020-11-01,,,,,,,,
ID_TBY0RLT,2018-03-01,2018-04-01,2018-05-01,2018-06-01,2018-07-01,2018-08-01,2018-09-01,2018-10-01,2018-11-01,2018-12-01,2019-01-01,2019-02-01,2019-03-01,2020-01-01,2020-02-01,2020-07-01,2020-08-01,2020-09-01,2020-10-01,2020-11-01,,,,,,,,,,,,,,,,,
ID_BQA1DDF,2018-03-01,2018-04-01,2018-05-01,2018-06-01,2018-07-01,2018-08-01,2018-09-01,2018-10-01,2018-11-01,2018-12-01,2019-01-01,2019-02-01,2019-04-01,2019-05-01,2019-06-01,2019-07-01,2019-08-01,2019-10-01,2019-11-01,2019-12-01,2020-01-01,2020-02-01,2020-03-01,2020-04-01,2020-05-01,2020-06-01,2020-07-01,2020-08-01,2020-09-01,2020-10-01,2020-11-01,,,,,,
ID_D18SXDT,2018-03-01,2018-04-01,2018-05-01,2018-06-01,2018-07-01,2018-08-01,2018-09-01,2018-10-01,2018-11-01,2018-12-01,2019-01-01,2019-03-01,2019-04-01,2019-05-01,2019-06-01,2019-07-01,2019-08-01,2019-09-01,2019-10-01,2020-01-01,2020-02-01,2020-03-01,2020-04-01,2020-05-01,,,,,,,,,,,,,
ID_MNCB6Z5,2018-03-01,2018-04-01,2018-05-01,2018-06-01,2018-07-01,2018-09-01,2018-11-01,2018-12-01,,,,,,,,,,,,,,,,,,,,,,,,,,,,,
ID_LVJSI6H,2018-03-01,2018-04-01,2018-05-01,2018-06-01,2018-08-01,2018-10-01,2018-11-01,2019-01-01,2019-02-01,2019-03-01,2019-04-01,2019-05-01,2019-06-01,2019-07-01,2019-08-01,2019-09-01,,,,,,,,,,,,,,,,,,,,,
ID_CJFFPHX,2018-03-01,2018-05-01,2018-06-01,2018-07-01,2018-08-01,2018-09-01,2018-10-01,2018-11-01,2018-12-01,2019-01-01,2019-02-01,2019-03-01,2019-04-01,2019-05-01,,,,,,,,,,,,,,,,,,,,,,,
ID_Y9OC6Z3,2018-04-01,2018-05-01,2018-06-01,2018-07-01,2018-08-01,2018-09-01,2018-10-01,2018-11-01,2018-12-01,2019-01-01,2019-02-01,2019-03-01,2019-04-01,2019-05-01,,,,,,,,,,,,,,,,,,,,,,,
ID_XBUY4GP,2018-04-01,2018-05-01,2018-06-01,2018-07-01,2018-08-01,2018-09-01,2018-10-01,2018-11-01,2018-12-01,2019-01-01,2019-02-01,2019-03-01,2019-04-01,2019-05-01,2019-06-01,2019-07-01,2019-08-01,,,,,,,,,,,,,,,,,,,,
ID_KK16GDK,2018-04-01,2018-05-01,2018-06-01,2018-07-01,2018-08-01,2018-09-01,2018-10-01,2018-11-01,2018-12-01,2019-01-01,2019-02-01,2019-03-01,2019-04-01,2019-05-01,2019-06-01,2019-07-01,2019-08-01,2019-09-01,,,,,,,,,,,,,,,,,,,
ID_8QGFICG,2018-04-01,2018-05-01,2018-06-01,2018-07-01,2018-08-01,2018-09-01,2018-10-01,2018-11-01,2018-12-01,2019-01-01,2019-02-01,2019-03-01,2019-04-01,2019-05-01,2019-06-01,2019-07-01,2019-08-01,2019-09-01,2019-10-01,,,,,,,,,,,,,,,,,,
ID_I4A826B,2018-04-01,2018-05-01,2018-06-01,2018-07-01,2018-08-01,2018-09-01,2018-10-01,2018-11-01,2018-12-01,2019-01-01,2019-02-01,2019-03-01,2019-04-01,2019-05-01,2019-06-01,2019-07-01,2019-08-01,2019-09-01,2019-10-01,2019-11-01,,,,,,,,,,,,,,,,,
ID_XGDK9T8,2018-04-01,2018-05-01,2018-06-01,2018-07-01,2018-08-01,2018-09-01,2018-10-01,2018-11-01,2018-12-01,2019-01-01,2019-02-01,2019-03-01,2019-04-01,2019-05-01,2019-06-01,2019-07-01,2019-08-01,2019-09-01,2019-10-01,2019-11-01,2019-12-01,,,,,,,,,,,,,,,,
ID_5S1ILPT,2018-04-01,2018-05-01,2018-06-01,2018-07-01,2018-08-01,2018-09-01,2018-10-01,2018-11-01,2018-12-01,2019-01-01,2019-02-01,2019-03-01,2019-04-01,2019-05-01,2019-06-01,2019-07-01,2019-08-01,2019-09-01,2019-10-01,2019-11-01,2019-12-01,2020-01-01,2020-02-01,2020-03-01,2020-04-01,2020-05-01,2020-06-01,,,,,,,,,,
ID_6I8WOS5,2018-04-01,2018-05-01,2018-06-01,2018-07-01,2018-08-01,2018-09-01,2018-10-01,2018-11-01,2018-12-01,2019-01-01,2019-02-01,2019-03-01,2019-04-01,2019-05-01,2019-06-01,2019-07-01,2019-08-01,2019-09-01,2019-10-01,2019-11-01,2019-12-01,2020-01-01,2020-02-01,2020-03-01,2020-04-01,2020-05-01,2020-06-01,,,,,,,,,,
ID_H31J5ZC,2018-04-01,2018-05-01,2018-06-01,2018-07-01,2018-08-01,2018-09-01,2018-10-01,2018-11-01,2018-12-01,2019-01-01,2019-02-01,2019-03-01,2019-04-01,2019-05-01,2019-06-01,2019-07-01,2019-08-01,2019-09-01,2019-10-01,2019-11-01,2019-12-01,2020-01-01,2020-02-01,2020-03-01,2020-04-01,2020-05-01,2020-06-01,2020-07-01,2020-08-01,,,,,,,,
ID_UK69JQV,2018-04-01,2018-05-01,2018-06-01,2018-07-01,2018-08-01,2018-09-01,2018-10-01,2018-11-01,2018-12-01,2019-01-01,2019-02-01,2019-03-01,2019-04-01,2019-05-01,2019-06-01,2019-07-01,2019-08-01,2019-09-01,2019-10-01,2019-11-01,2019-12-01,2020-01-01,2020-02-01,2020-03-01,2020-04-01,2020-05-01,2020-06-01,2020-07-01,2020-08-01,2020-09-01,2020-10-01,2020-11-01,,,,,
ID_49WZGA9,2018-04-01,2018-05-01,2018-06-01,2018-07-01,2018-08-01,2018-09-01,2018-10-01,2018-11-01,2018-12-01,2019-01-01,2019-02-01,2019-03-01,2019-04-01,2019-05-01,2019-06-01,2019-07-01,2019-08-01,2019-09-01,2019-10-01,2019-11-01,2019-12-01,2020-01-01,2020-02-01,2020-03-01,2020-04-01,2020-05-01,2020-06-01,2020-07-01,2020-08-01,2020-09-01,2020-10-01,2020-11-01,,,,,
ID_0P80NPU,2018-04-01,2018-05-01,2018-06-01,2018-07-01,2018-08-01,2018-09-01,2018-10-01,2018-11-01,2018-12-01,2019-01-01,2019-02-01,2019-03-01,2019-04-01,2019-05-01,2019-06-01,2019-07-01,2019-08-01,2019-09-01,2019-10-01,2019-11-01,2019-12-01,2020-01-01,2020-02-01,2020-03-01,2020-04-01,2020-05-01,2020-06-01,2020-07-01,2020-08-01,2020-09-01,2020-10-01,2020-11-01,,,,,
ID_EK8CFYL,2018-04-01,2018-05-01,2018-06-01,2018-07-01,2018-08-01,2018-09-01,2018-10-01,2018-11-01,2018-12-01,2019-01-01,2019-02-01,2019-03-01,2019-04-01,2019-05-01,2019-06-01,2019-07-01,2019-08-01,2019-09-01,2019-10-01,2019-11-01,2019-12-01,2020-01-01,2020-02-01,2020-03-01,2020-04-01,2020-05-01,2020-06-01,2020-07-01,2020-08-01,2020-09-01,2020-10-01,2020-11-01,,,,,
ID_R7WD22M,2018-04-01,2018-05-01,2018-06-01,2018-07-01,2018-08-01,2018-09-01,2018-10-01,2018-11-01,2018-12-01,2019-01-01,2019-02-01,2019-03-01,2019-04-01,2019-06-01,2019-08-01,2019-09-01,2019-10-01,2019-12-01,2020-02-01,2020-03-01,2020-04-01,,,,,,,,,,,,,,,,
ID_G538YQ6,2018-04-01,2018-05-01,2018-06-01,2018-07-01,2018-08-01,2018-09-01,2018-10-01,2018-11-01,2018-12-01,2019-01-01,2019-03-01,2019-04-01,2019-05-01,2019-06-01,2019-07-01,2019-08-01,2019-09-01,2019-10-01,2019-11-01,2019-12-01,2020-01-01,2020-02-01,2020-03-01,2020-04-01,2020-05-01,2020-06-01,2020-07-01,2020-08-01,2020-09-01,2020-10-01,2020-11-01,,,,,,
ID_6ZFAW6A,2018-04-01,2018-05-01,2018-06-01,2018-07-01,2018-08-01,2018-09-01,2018-10-01,2018-11-01,2018-12-01,2019-02-01,2019-03-01,2019-04-01,2019-05-01,2019-06-01,2019-07-01,2019-08-01,2019-09-01,2019-10-01,2019-11-01,2019-12-01,2020-01-01,2020-02-01,2020-03-01,2020-04-01,2020-05-01,2020-06-01,2020-07-01,2020-08-01,2020-09-01,2020-10-01,2020-11-01,,,,,,
ID_FUAWXNX,2018-04-01,2018-05-01,2018-06-01,2018-07-01,2018-08-01,2018-09-01,2018-10-01,2018-12-01,2019-01-01,2019-02-01,2019-04-01,2019-06-01,2019-07-01,2019-10-01,2019-11-01,2019-12-01,2020-01-01,2020-02-01,2020-03-01,2020-04-01,2020-05-01,2020-06-01,2020-07-01,,,,,,,,,,,,,,
ID_FEEAMRW,2018-04-01,2018-05-01,2018-06-01,2018-07-01,2018-08-01,2018-09-01,2018-12-01,2019-03-01,2019-05-01,2019-12-01,2020-01-01,2020-02-01,2020-03-01,2020-04-01,2020-05-01,2020-06-01,2020-07-01,2020-08-01,,,,,,,,,,,,,,,,,,,
ID_T9S4CI3,2018-04-01,2018-05-01,2018-06-01,2018-07-01,2018-08-01,2018-11-01,2018-12-01,2019-01-01,2019-02-01,2019-03-01,2019-04-01,2019-05-01,2019-06-01,2019-07-01,2019-08-01,2019-09-01,2019-10-01,2019-11-01,2019-12-01,2020-01-01,2020-02-01,2020-03-01,2020-04-01,2020-05-01,2020-06-01,2020-07-01,2020-08-01,2020-09-01,2020-10-01,2020-11-01,,,,,,,
ID_NSC8OAA,2018-04-01,2018-05-01,2018-06-01,2018-08-01,2018-09-01,2018-10-01,2018-11-01,2018-12-01,2019-01-01,2019-02-01,2019-03-01,2019-04-01,2019-05-01,2019-06-01,2019-07-01,2019-08-01,2019-09-01,2019-10-01,,,,,,,,,,,,,,,,,,,
ID_8RVF12F,2018-04-01,2018-05-01,2018-06-01,2018-08-01,2018-09-01,2018-10-01,2018-11-01,2018-12-01,2019-01-01,2019-02-01,2019-05-01,2019-06-01,2019-07-01,,,,,,,,,,,,,,,,,,,,,,,,
ID_6VZ241Y,2018-04-01,2018-06-01,2018-07-01,2018-08-01,2018-09-01,2018-10-01,2018-11-01,2018-12-01,2019-01-01,2019-02-01,2019-03-01,2019-04-01,2019-05-01,,,,,,,,,,,,,,,,,,,,,,,,
ID_GK7YJIC,2018-04-01,2018-06-01,2018-07-01,2018-08-01,2018-09-01,2018-10-01,2018-11-01,2018-12-01,2019-01-01,2019-02-01,2019-03-01,2019-04-01,2019-05-01,2019-06-01,,,,,,,,,,,,,,,,,,,,,,,
ID_BGAUNLB,2018-04-01,2018-07-01,2018-08-01,2018-09-01,2018-10-01,2018-11-01,2018-12-01,2019-01-01,2019-02-01,2019-03-01,2019-04-01,2019-05-01,2019-06-01,2019-07-01,2019-08-01,2019-09-01,2019-10-01,2019-11-01,2019-12-01,,,,,,,,,,,,,,,,,,
ID_LAMZBXL,2018-05-01,2018-06-01,2018-07-01,2018-08-01,2018-09-01,2018-10-01,2018-11-01,2018-12-01,2019-01-01,2019-02-01,2019-03-01,2019-04-01,2019-05-01,2019-06-01,2019-07-01,2019-08-01,2019-09-01,2019-10-01,2019-11-01,2019-12-01,2020-01-01,2020-02-01,2020-03-01,2020-04-01,2020-05-01,2020-06-01,2020-07-01,2020-08-01,2020-09-01,2020-10-01,2020-11-01,,,,,,
ID_WAQOTJX,2018-05-01,2018-06-01,2018-07-01,2018-08-01,2018-09-01,2018-10-01,2018-11-01,2019-01-01,2019-04-01,2019-05-01,2019-06-01,2019-07-01,2019-08-01,2019-09-01,2019-10-01,2019-11-01,2019-12-01,2020-01-01,2020-02-01,2020-03-01,2020-04-01,2020-05-01,2020-08-01,2020-09-01,2020-10-01,2020-11-01,,,,,,,,,,,
ID_TTF8FFQ,2020-01-01,2020-02-01,2020-03-01,2020-04-01,2020-05-01,,,,,,,,,,,,,,,,,,,,,,,,,,,,,,,,
ID_A5SOFLJ,2020-01-01,2020-02-01,2020-03-01,2020-04-01,2020-05-01,,,,,,,,,,,,,,,,,,,,,,,,,,,,,,,,
ID_GSEPTN6,2020-01-01,2020-02-01,2020-03-01,2020-04-01,2020-05-01,,,,,,,,,,,,,,,,,,,,,,,,,,,,,,,,
ID_CF1AF8J,2020-01-01,2020-02-01,2020-03-01,2020-04-01,2020-05-01,,,,,,,,,,,,,,,,,,,,,,,,,,,,,,,,
ID_4CBFXRI,2020-01-01,2020-02-01,2020-03-01,2020-04-01,2020-05-01,,,,,,,,,,,,,,,,,,,,,,,,,,,,,,,,
ID_5VT7NAI,2020-01-01,2020-02-01,2020-03-01,2020-04-01,2020-05-01,,,,,,,,,,,,,,,,,,,,,,,,,,,,,,,,
ID_5GEZQUA,2020-01-01,2020-02-01,2020-03-01,2020-04-01,2020-05-01,,,,,,,,,,,,,,,,,,,,,,,,,,,,,,,,
ID_Q985MYZ,2020-01-01,2020-02-01,2020-03-01,2020-04-01,2020-05-01,2020-06-01,,,,,,,,,,,,,,,,,,,,,,,,,,,,,,,
ID_UMO3VQ7,2020-01-01,2020-02-01,2020-03-01,2020-04-01,2020-05-01,2020-06-01,,,,,,,,,,,,,,,,,,,,,,,,,,,,,,,
ID_ARLLRUS,2020-01-01,2020-02-01,2020-03-01,2020-04-01,2020-05-01,2020-06-01,,,,,,,,,,,,,,,,,,,,,,,,,,,,,,,
ID_QW1X1Z8,2020-01-01,2020-02-01,2020-03-01,2020-04-01,2020-05-01,2020-06-01,,,,,,,,,,,,,,,,,,,,,,,,,,,,,,,
ID_0TX5WCG,2020-01-01,2020-02-01,2020-03-01,2020-04-01,2020-05-01,2020-06-01,,,,,,,,,,,,,,,,,,,,,,,,,,,,,,,
ID_TF1HF6Z,2020-01-01,2020-02-01,2020-03-01,2020-04-01,2020-05-01,2020-06-01,,,,,,,,,,,,,,,,,,,,,,,,,,,,,,,
ID_ZRDO67O,2020-01-01,2020-02-01,2020-03-01,2020-04-01,2020-05-01,2020-06-01,2020-07-01,,,,,,,,,,,,,,,,,,,,,,,,,,,,,,
ID_WPIKVX6,2020-01-01,2020-02-01,2020-03-01,2020-04-01,2020-05-01,2020-06-01,2020-07-01,,,,,,,,,,,,,,,,,,,,,,,,,,,,,,
ID_M8YMUYK,2020-01-01,2020-02-01,2020-03-01,2020-04-01,2020-05-01,2020-06-01,2020-07-01,2020-08-01,,,,,,,,,,,,,,,,,,,,,,,,,,,,,
ID_KG9BE7W,2020-01-01,2020-02-01,2020-03-01,2020-04-01,2020-05-01,2020-06-01,2020-07-01,2020-08-01,,,,,,,,,,,,,,,,,,,,,,,,,,,,,
ID_EAPRIYF,2020-01-01,2020-02-01,2020-03-01,2020-04-01,2020-05-01,2020-06-01,2020-07-01,2020-08-01,2020-09-01,,,,,,,,,,,,,,,,,,,,,,,,,,,,
ID_SYBFU6W,2020-01-01,2020-02-01,2020-03-01,2020-04-01,2020-05-01,2020-06-01,2020-07-01,2020-08-01,2020-09-01,,,,,,,,,,,,,,,,,,,,,,,,,,,,
ID_NYJ6RBR,2020-01-01,2020-02-01,2020-03-01,2020-04-01,2020-05-01,2020-06-01,2020-07-01,2020-08-01,2020-09-01,,,,,,,,,,,,,,,,,,,,,,,,,,,,
ID_BN71APR,2020-01-01,2020-02-01,2020-03-01,2020-04-01,2020-05-01,2020-06-01,2020-07-01,2020-08-01,2020-09-01,2020-10-01,,,,,,,,,,,,,,,,,,,,,,,,,,,
ID_4AOYVE0,2020-01-01,2020-02-01,2020-03-01,2020-04-01,2020-05-01,2020-06-01,2020-07-01,2020-08-01,2020-09-01,2020-10-01,2020-11-01,,,,,,,,,,,,,,,,,,,,,,,,,,
ID_NLDJK03,2020-01-01,2020-02-01,2020-03-01,2020-04-01,2020-05-01,2020-06-01,2020-07-01,2020-08-01,2020-09-01,2020-10-01,2020-11-01,,,,,,,,,,,,,,,,,,,,,,,,,,
ID_ET3FN4J,2020-01-01,2020-02-01,2020-03-01,2020-04-01,2020-05-01,2020-06-01,2020-09-01,2020-10-01,2020-11-01,,,,,,,,,,,,,,,,,,,,,,,,,,,,
ID_5H8FM8A,2020-01-01,2020-02-01,2020-03-01,2020-04-01,2020-05-01,2020-07-01,2020-09-01,2020-10-01,2020-11-01,,,,,,,,,,,,,,,,,,,,,,,,,,,,
ID_0LKXI6L,2020-01-01,2020-02-01,2020-03-01,2020-04-01,2020-05-01,2020-09-01,2020-10-01,2020-11-01,,,,,,,,,,,,,,,,,,,,,,,,,,,,,
ID_0XXB5TY,2020-01-01,2020-02-01,2020-03-01,2020-05-01,2020-06-01,2020-08-01,2020-09-01,,,,,,,,,,,,,,,,,,,,,,,,,,,,,,
ID_5YCLESX,2020-01-01,2020-03-01,2020-04-01,2020-05-01,2020-06-01,2020-07-01,2020-08-01,2020-09-01,2020-11-01,,,,,,,,,,,,,,,,,,,,,,,,,,,,
ID_8EKMBKZ,2020-02-01,2020-03-01,2020-04-01,2020-05-01,2020-06-01,,,,,,,,,,,,,,,,,,,,,,,,,,,,,,,,
ID_QY7JE37,2020-02-01,2020-03-01,2020-04-01,2020-05-01,2020-06-01,,,,,,,,,,,,,,,,,,,,,,,,,,,,,,,,
ID_H39X72U,2020-02-01,2020-03-01,2020-04-01,2020-05-01,2020-06-01,,,,,,,,,,,,,,,,,,,,,,,,,,,,,,,,
ID_MIESASH,2020-02-01,2020-03-01,2020-04-01,2020-05-01,2020-06-01,,,,,,,,,,,,,,,,,,,,,,,,,,,,,,,,
ID_BLRNLML,2020-02-01,2020-03-01,2020-04-01,2020-05-01,2020-06-01,,,,,,,,,,,,,,,,,,,,,,,,,,,,,,,,
ID_3XC6774,2020-02-01,2020-03-01,2020-04-01,2020-05-01,2020-06-01,2020-07-01,,,,,,,,,,,,,,,,,,,,,,,,,,,,,,,
ID_HEU15TN,2020-02-01,2020-03-01,2020-04-01,2020-05-01,2020-06-01,2020-07-01,,,,,,,,,,,,,,,,,,,,,,,,,,,,,,,
ID_LYFYTHL,2020-02-01,2020-03-01,2020-04-01,2020-05-01,2020-06-01,2020-07-01,,,,,,,,,,,,,,,,,,,,,,,,,,,,,,,
ID_C45NKU2,2020-02-01,2020-03-01,2020-04-01,2020-05-01,2020-06-01,2020-07-01,2020-08-01,,,,,,,,,,,,,,,,,,,,,,,,,,,,,,
ID_L5JJAB2,2020-02-01,2020-03-01,2020-04-01,2020-05-01,2020-06-01,2020-07-01,2020-08-01,,,,,,,,,,,,,,,,,,,,,,,,,,,,,,
ID_I1HYZ60,2020-02-01,2020-03-01,2020-04-01,2020-05-01,2020-06-01,2020-07-01,2020-08-01,,,,,,,,,,,,,,,,,,,,,,,,,,,,,,
ID_EABQE6P,2020-02-01,2020-03-01,2020-04-01,2020-05-01,2020-06-01,2020-07-01,2020-08-01,2020-09-01,,,,,,,,,,,,,,,,,,,,,,,,,,,,,
ID_VCNCXI7,2020-02-01,2020-03-01,2020-04-01,2020-05-01,2020-06-01,2020-07-01,2020-08-01,2020-09-01,,,,,,,,,,,,,,,,,,,,,,,,,,,,,
ID_KUDC8NT,2020-02-01,2020-03-01,2020-04-01,2020-05-01,2020-06-01,2020-07-01,2020-08-01,2020-09-01,,,,,,,,,,,,,,,,,,,,,,,,,,,,,
ID_SPD3JWB,2020-02-01,2020-03-01,2020-04-01,2020-05-01,2020-06-01,2020-07-01,2020-08-01,2020-09-01,,,,,,,,,,,,,,,,,,,,,,,,,,,,,
ID_W2MJXO2,2020-02-01,2020-03-01,2020-04-01,2020-05-01,2020-06-01,2020-07-01,2020-08-01,2020-09-01,2020-10-01,,,,,,,,,,,,,,,,,,,,,,,,,,,,
ID_A8DGE28,2020-02-01,2020-03-01,2020-04-01,2020-05-01,2020-06-01,2020-07-01,2020-08-01,2020-09-01,2020-10-01,2020-11-01,,,,,,,,,,,,,,,,,,,,,,,,,,,
ID_20XBZP3,2020-02-01,2020-03-01,2020-04-01,2020-07-01,2020-08-01,2020-09-01,,,,,,,,,,,,,,,,,,,,,,,,,,,,,,,
ID_PJPNGSA,2020-02-01,2020-03-01,2020-04-01,2020-07-01,2020-09-01,2020-10-01,,,,,,,,,,,,,,,,,,,,,,,,,,,,,,,
